No Dive Site,Lighthouse Reef,[Any State],Belize
Annie's Place,Lighthouse Reef,[Any State],Belize
Chimney,Lighthouse Reef,[Any State],Belize
Dos Cocos,Lighthouse Reef,[Any State],Belize
E. Long Caye,Lighthouse Reef,[Any State],Belize
First Choice,Lighthouse Reef,[Any State],Belize
Halfmoon Caye,Lighthouse Reef,[Any State],Belize
Johnson's Wall,Lighthouse Reef,[Any State],Belize
Lighthouse Reef,Lighthouse Reef,[Any State],Belize
Silver Caves,Lighthouse Reef,[Any State],Belize
18 Palms,Bonaire,[Any State],Bonaire
Angel City,Bonaire,[Any State],Bonaire
Barcadera,Bonaire,[Any State],Bonaire
Bari Reef,Bonaire,[Any State],Bonaire
Cliff,Bonaire,[Any State],Bonaire
Rappel,Bonaire,[Any State],Bonaire
Sandollar Pier,Bonaire,[Any State],Bonaire
Small Wall,Bonaire,[Any State],Bonaire
Town Pier,Bonaire,[Any State],Bonaire
Yellow Man,Carl's Hill Annex,[Any State],Bonaire
Captain Don's Reef,Klein Bonaire,[Any State],Bonaire
MI Dushi,Klein Bonaire,[Any State],Bonaire
Sampler,Klein Bonaire,[Any State],Bonaire
Andy's Wall,Grand Cayman,[Any State],Cayman Islands
Aquarium,Grand Cayman,[Any State],Cayman Islands
Black Forest,Grand Cayman,[Any State],Cayman Islands
Carib. Sand Chute,Grand Cayman,[Any State],Cayman Islands
Cheeseburger Alley,Grand Cayman,[Any State],Cayman Islands
Eagle Ray Pass,Grand Cayman,[Any State],Cayman Islands
OroVerde Reef,Grand Cayman,[Any State],Cayman Islands
Royal Palms Ledges,Grand Cayman,[Any State],Cayman Islands
Stingray City II,Grand Cayman,[Any State],Cayman Islands
Trinity Caves & Round Rock Cavern,Grand Cayman,[Any State],Cayman Islands
Aitutake,Aitutake,[Any State],Cook Islands
White River,Rarotonga,[Any State],Cook Islands
Barnum Wall,[Any Area],[Any State],Palau
Big Drop-off,[Any Area],[Any State],Palau
Blue Corner,[Any Area],[Any State],Palau
Blue Holes,[Any Area],[Any State],Palau
Blue Holes - Blue Corner,[Any Area],[Any State],Palau
Chandelier Cave,[Any Area],[Any State],Palau
German Channel,[Any Area],[Any State],Palau
Iro Maru Wreck,[Any Area],[Any State],Palau
Jellyfish Lake,[Any Area],[Any State],Palau
New Drop Off,[Any Area],[Any State],Palau
Ngemelis Wall,[Any Area],[Any State],Palau
Outer Ulong Channel,[Any Area],[Any State],Palau
PPR Reef,[Any Area],[Any State],Palau
Siae's Corner,[Any Area],[Any State],Palau
Siae's Tunnel,[Any Area],[Any State],Palau
Turtle Cove,[Any Area],[Any State],Palau
Ulong Channel,[Any Area],[Any State],Palau
Ulong Wall,[Any Area],[Any State],Palau
Boynton Beach,Boynton Beach,Florida,USA
Christmas Tree Corals,Big Island,Hawaii,USA
Golden Arches,Big Island,Hawaii,USA
K. Critters,Big Island,Hawaii,USA
Kona Surf (Manta Ray Dive),Big Island,Hawaii,USA
Large Arch (North of pier),Big Island,Hawaii,USA
Lava Dome (Red Hill area),Big Island,Hawaii,USA
Long Lava Tube (Red Hill area),Big Island,Hawaii,USA
Shark Rock,Big Island,Hawaii,USA
South of Kona by airport,Big Island,Hawaii,USA
Spiral Lava Tubes (south of Kona),Big Island,Hawaii,USA
Toilet Bowl (by airport),Big Island,Hawaii,USA
Turtle Heaven (in front of S. Harbor),Big Island,Hawaii,USA
Turtle Pinnacles,Big Island,Hawaii,USA
Turtle Towers,Big Island,Hawaii,USA
Christmas Tree Corals,Kona,Hawaii,USA
Driftwood,Kona,Hawaii,USA
Fantasy Reef,Kona,Hawaii,USA
Golden Arches,Kona,Hawaii,USA
K. Critters,Kona,Hawaii,USA
Large Arch (North of pier),Kona,Hawaii,USA
Lava Dome (Red Hill area),Kona,Hawaii,USA
Long Lava Tube (Red Hill area),Kona,Hawaii,USA
Mile 4 Alii Rd,Kona,Hawaii,USA
Puako Beach,Kona,Hawaii,USA
Shark Rock,Kona,Hawaii,USA
South of Kona by airport,Kona,Hawaii,USA
Spiral Lava Tubes (south of Kona),Kona,Hawaii,USA
Toilet Bowl (by airport),Kona,Hawaii,USA
Turtle Heaven (in front of S. Harbor),Kona,Hawaii,USA
Turtle Pinnacles,Kona,Hawaii,USA
Turtle Towers,Kona,Hawaii,USA
Cathedrals,Lanai,Hawaii,USA
Monolith,Lanai,Hawaii,USA
3 Anchors,Maui,Hawaii,USA
5 Caves,Maui,Hawaii,USA
Deer Valley,Maui,Hawaii,USA
First Cathedral - Lanai,Maui,Hawaii,USA
Honoa,Maui,Hawaii,USA
Marty's Reef,Maui,Hawaii,USA
Molokini's Back Wall,Maui,Hawaii,USA
Molokini's crater (snorkelers area),Maui,Hawaii,USA
Molokini's East End,Maui,Hawaii,USA
Molokini's Left Wall,Maui,Hawaii,USA
Molokini's Mid Reef,Maui,Hawaii,USA
Molokini's Outer Reef,Maui,Hawaii,USA
Molokini's Reef End,Maui,Hawaii,USA
Molokini's West End,Maui,Hawaii,USA
No Dive Site,Maui,Hawaii,USA
No Name - Lanai,Maui,Hawaii,USA
North Nahuna,Maui,Hawaii,USA
North of 5 Graves,Maui,Hawaii,USA
Pu'u Alai,Maui,Hawaii,USA
Spinning Plate,Maui,Hawaii,USA
St. Anthony,Maui,Hawaii,USA
Tank to Troop Carrier,Maui,Hawaii,USA
Unknown,Maui,Hawaii,USA
Wailea Point,Maui,Hawaii,USA
Makaha Caverns,Oahu,Hawaii,USA
The Mahi Boat,Oahu,Hawaii,USA
Certification Dive 1,Hoodsport,Washington,USA
Certification Dive 2,Hoodsport,Washington,USA
Certification Dive 3,Hoodsport,Washington,USA
Certification Dive 4,Hoodsport,Washington,USA
Alki (snorkel),Puget Sound,Washington,USA
